{"X": [0.44064427408240153, 0.08132447815637368, 0.06486162940413004, -0.34349727288533294, 9.966002494552095, -71.04092783721612, 4.878307343006369], "P": [[0.03285649136007229, 0.0, 0.0, 0.0, 0.0, 0.0, 0.0], [0.0, 0.03285649136007229, 0.0, 0.0, 0.0, 0.0, 0.0], [0.0, 0.0, 0.03285649136007229, 0.0, 0.0, 0.0, 0.0], [0.0, 0.0, 0.0, 0.03285649136007229, 0.0, 0.0, 0.0], [0.0, 0.0, 0.0, 0.0, 6.498369178015064, 0.7225308051276017, 0.00030956568689872706], [0.0, 0.0, 0.0, 0.0, 0.7225308051275997, 5.452795901821331, 0.0011841101963241522], [0.0, 0.0, 0.0, 0.0, 0.0003095656868991883, 0.0011841101963240945, 0.0065874507960421175]]}